student_id,student_name,department,year,register_id,date_of_birth,phone,status
STU001,Arun Kumar,AI&DS,III,AIDS001,2005-01-01,9876510001,Active
STU002,Karthik Raj,CSE,III,CSE002,2004-02-04,9876510002,Active
STU003,Priya Devi,ECE,III,ECE003,2004-03-07,9876510003,Active
STU004,Dinesh Prasad,EEE,III,EEE004,2005-04-10,9876510004,Active
STU005,Kavya Priya,MECH,III,MECH005,2004-05-13,9876510005,Active
STU006,Sanjay Kumar,AI&DS,III,AIDS006,2004-06-16,9876510006,Active
STU007,Harini Raj,CSE,III,CSE007,2005-07-19,9876510007,Active
STU008,Vishal Devi,ECE,III,ECE008,2004-08-22,9876510008,Active
STU009,Divya Prasad,EEE,III,EEE009,2004-09-25,9876510009,Active
STU010,Prakash Priya,MECH,III,MECH010,2005-10-01,9876510010,Active
STU011,Rahul Kumar,AI&DS,III,AIDS011,2004-11-04,9876510011,Active
STU012,Naveen Raj,CSE,III,CSE012,2004-12-07,9876510012,Active
STU013,Keerthana Devi,ECE,III,ECE013,2005-01-10,9876510013,Active
STU014,Sathish Prasad,EEE,III,EEE014,2004-02-13,9876510014,Active
STU015,Aishwarya Priya,MECH,III,MECH015,2004-03-16,9876510015,Active
STU016,Ajay Kumar,AI&DS,III,AIDS016,2005-04-19,9876510016,Active
STU017,Deepak Raj,CSE,III,CSE017,2004-05-22,9876510017,Active
STU018,Pavithra Devi,ECE,III,ECE018,2004-06-25,9876510018,Active
STU019,Surya Prasad,EEE,III,EEE019,2005-07-01,9876510019,Active
STU020,Nithya Priya,MECH,III,MECH020,2004-08-04,9876510020,Active
STU021,Vignesh Kumar,AI&DS,III,AIDS021,2004-09-07,9876510021,Active
STU022,Swetha Raj,CSE,III,CSE022,2005-10-10,9876510022,Active
STU023,Manoj Devi,ECE,III,ECE023,2004-11-13,9876510023,Active
STU024,Anitha Prasad,EEE,III,EEE024,2004-12-16,9876510024,Active
STU025,Hari Priya,MECH,III,MECH025,2005-01-19,9876510025,Active
STU026,Sowmya Kumar,AI&DS,III,AIDS026,2004-02-22,9876510026,Active
STU027,Rohit Raj,CSE,III,CSE027,2004-03-25,9876510027,Active
STU028,Janani Devi,ECE,III,ECE028,2005-04-01,9876510028,Active
STU029,Gokul Prasad,EEE,III,EEE029,2004-05-04,9876510029,Active
STU030,Meena Priya,MECH,III,MECH030,2004-06-07,9876510030,Active
STU031,Ashwin Kumar,AI&DS,III,AIDS031,2005-07-10,9876510031,Active
STU032,Shalini Raj,CSE,III,CSE032,2004-08-13,9876510032,Active
STU033,Bala Devi,ECE,III,ECE033,2004-09-16,9876510033,Active
STU034,Reshma Prasad,EEE,III,EEE034,2005-10-19,9876510034,Active
STU035,Vijay Priya,MECH,III,MECH035,2004-11-22,9876510035,Active
STU036,Dhivya Kumar,AI&DS,III,AIDS036,2004-12-25,9876510036,Active
STU037,Madhan Raj,CSE,III,CSE037,2005-01-01,9876510037,Active
STU038,Gayathri Devi,ECE,III,ECE038,2004-02-04,9876510038,Active
STU039,Suresh Prasad,EEE,III,EEE039,2004-03-07,9876510039,Active
STU040,Lavanya Priya,MECH,III,MECH040,2005-04-10,9876510040,Active
STU041,Santhosh Kumar,AI&DS,III,AIDS041,2004-05-13,9876510041,Active
STU042,Abinaya Raj,CSE,III,CSE042,2004-06-16,9876510042,Active
STU043,Mugilan Devi,ECE,III,ECE043,2005-07-19,9876510043,Active
STU044,Monisha Prasad,EEE,III,EEE044,2004-08-22,9876510044,Active
STU045,Ramesh Priya,MECH,III,MECH045,2004-09-25,9876510045,Active
STU046,Keerthana Kumar,AI&DS,III,AIDS046,2005-10-01,9876510046,Active
STU047,Yogesh Raj,CSE,III,CSE047,2004-11-04,9876510047,Active
STU048,Tharun Devi,ECE,III,ECE048,2004-12-07,9876510048,Active
STU049,Vaishnavi Prasad,EEE,III,EEE049,2005-01-10,9876510049,Active
STU050,Siva Priya,MECH,III,MECH050,2004-02-13,9876510050,Active
