fee_id,student_id,academic_year,total_fee,paid_amount,pending_amount,due_date,payment_status
FEE001,STU001,2026-27,60000,60000,0,2026-09-30,Paid
FEE002,STU002,2026-27,62000,46500,15500,2026-09-30,Partial
FEE003,STU003,2026-27,58000,29000,29000,2026-09-30,Partial
FEE004,STU004,2026-27,58000,49300,8700,2026-09-30,Partial
FEE005,STU005,2026-27,55000,33000,22000,2026-09-30,Partial
FEE006,STU006,2026-27,60000,60000,0,2026-09-30,Paid
FEE007,STU007,2026-27,62000,46500,15500,2026-09-30,Partial
FEE008,STU008,2026-27,58000,29000,29000,2026-09-30,Partial
FEE009,STU009,2026-27,58000,49300,8700,2026-09-30,Partial
FEE010,STU010,2026-27,55000,33000,22000,2026-09-30,Partial
FEE011,STU011,2026-27,60000,60000,0,2026-09-30,Paid
FEE012,STU012,2026-27,62000,46500,15500,2026-09-30,Partial
FEE013,STU013,2026-27,58000,29000,29000,2026-09-30,Partial
FEE014,STU014,2026-27,58000,49300,8700,2026-09-30,Partial
FEE015,STU015,2026-27,55000,33000,22000,2026-09-30,Partial
FEE016,STU016,2026-27,60000,60000,0,2026-09-30,Paid
FEE017,STU017,2026-27,62000,46500,15500,2026-09-30,Partial
FEE018,STU018,2026-27,58000,29000,29000,2026-09-30,Partial
FEE019,STU019,2026-27,58000,49300,8700,2026-09-30,Partial
FEE020,STU020,2026-27,55000,33000,22000,2026-09-30,Partial
FEE021,STU021,2026-27,60000,60000,0,2026-09-30,Paid
FEE022,STU022,2026-27,62000,46500,15500,2026-09-30,Partial
FEE023,STU023,2026-27,58000,29000,29000,2026-09-30,Partial
FEE024,STU024,2026-27,58000,49300,8700,2026-09-30,Partial
FEE025,STU025,2026-27,55000,33000,22000,2026-09-30,Partial
FEE026,STU026,2026-27,60000,60000,0,2026-09-30,Paid
FEE027,STU027,2026-27,62000,46500,15500,2026-09-30,Partial
FEE028,STU028,2026-27,58000,29000,29000,2026-09-30,Partial
FEE029,STU029,2026-27,58000,49300,8700,2026-09-30,Partial
FEE030,STU030,2026-27,55000,33000,22000,2026-09-30,Partial
FEE031,STU031,2026-27,60000,60000,0,2026-09-30,Paid
FEE032,STU032,2026-27,62000,46500,15500,2026-09-30,Partial
FEE033,STU033,2026-27,58000,29000,29000,2026-09-30,Partial
FEE034,STU034,2026-27,58000,49300,8700,2026-09-30,Partial
FEE035,STU035,2026-27,55000,33000,22000,2026-09-30,Partial
FEE036,STU036,2026-27,60000,60000,0,2026-09-30,Paid
FEE037,STU037,2026-27,62000,46500,15500,2026-09-30,Partial
FEE038,STU038,2026-27,58000,29000,29000,2026-09-30,Partial
FEE039,STU039,2026-27,58000,49300,8700,2026-09-30,Partial
FEE040,STU040,2026-27,55000,33000,22000,2026-09-30,Partial
FEE041,STU041,2026-27,60000,60000,0,2026-09-30,Paid
FEE042,STU042,2026-27,62000,46500,15500,2026-09-30,Partial
FEE043,STU043,2026-27,58000,29000,29000,2026-09-30,Partial
FEE044,STU044,2026-27,58000,49300,8700,2026-09-30,Partial
FEE045,STU045,2026-27,55000,33000,22000,2026-09-30,Partial
FEE046,STU046,2026-27,60000,60000,0,2026-09-30,Paid
FEE047,STU047,2026-27,62000,46500,15500,2026-09-30,Partial
FEE048,STU048,2026-27,58000,29000,29000,2026-09-30,Partial
FEE049,STU049,2026-27,58000,49300,8700,2026-09-30,Partial
FEE050,STU050,2026-27,55000,33000,22000,2026-09-30,Partial
